{
  "execPath": "/home/tesla/.platformio/packages/toolchain-xtensa/bin/xtensa-lx106-elf-g++",
  "gccDefaultCFlags": "-fsyntax-only -std=gnu99 -Wpointer-arith -Wno-implicit-function-declaration -Wl,-EL -fno-inline-functions -nostdlib -Os -mlongcalls -mtext-section-literals -falign-functions=4 -U__STRICT_ANSI__ -ffunction-sections -fdata-sections -Wall -DPLATFORMIO=30602 -DESP8266 -DARDUINO_ARCH_ESP8266 -DARDUINO_ESP8266_NODEMCU -DF_CPU=80000000L -D__ets__ -DICACHE_FLASH -DARDUINO=10805 -DARDUINO_BOARD=\"PLATFORMIO_NODEMCUV2\" -DLWIP_OPEN_SRC -DVTABLES_IN_FLASH",
  "gccDefaultCppFlags": "-fsyntax-only -fno-rtti -fno-exceptions -std=c++11 -Os -mlongcalls -mtext-section-literals -falign-functions=4 -U__STRICT_ANSI__ -ffunction-sections -fdata-sections -Wall -DPLATFORMIO=30602 -DESP8266 -DARDUINO_ARCH_ESP8266 -DARDUINO_ESP8266_NODEMCU -DF_CPU=80000000L -D__ets__ -DICACHE_FLASH -DARDUINO=10805 -DARDUINO_BOARD=\"PLATFORMIO_NODEMCUV2\" -DLWIP_OPEN_SRC -DVTABLES_IN_FLASH",
  "gccErrorLimit": 15,
  "gccIncludePaths": "/home/tesla/.platformio/packages/framework-arduinoespressif8266/tools/sdk/include,/home/tesla/.platformio/packages/framework-arduinoespressif8266/tools/sdk/libc/xtensa-lx106-elf/include,/home/tesla/.platformio/packages/framework-arduinoespressif8266/cores/esp8266,/home/tesla/.platformio/packages/framework-arduinoespressif8266/tools/sdk/lwip/include,/home/tesla/.platformio/packages/framework-arduinoespressif8266/variants/nodemcu,/home/tesla/.platformio/packages/framework-arduinoespressif8266/libraries/ESP8266WiFi/src,/home/tesla/.platformio/packages/framework-arduinoespressif8266/libraries/Ticker,/home/tesla/.platformio/packages/framework-arduinoespressif8266/libraries/ArduinoOTA,/home/tesla/.platformio/packages/framework-arduinoespressif8266/libraries/DNSServer/src,/home/tesla/.platformio/packages/framework-arduinoespressif8266/libraries/EEPROM,/home/tesla/.platformio/packages/framework-arduinoespressif8266/libraries/ESP8266AVRISP/src,/home/tesla/.platformio/packages/framework-arduinoespressif8266/libraries/ESP8266HTTPClient/src,/home/tesla/.platformio/packages/framework-arduinoespressif8266/libraries/ESP8266HTTPUpdateServer/src,/home/tesla/.platformio/packages/framework-arduinoespressif8266/libraries/ESP8266LLMNR,/home/tesla/.platformio/packages/framework-arduinoespressif8266/libraries/ESP8266NetBIOS,/home/tesla/.platformio/packages/framework-arduinoespressif8266/libraries/ESP8266SSDP,/home/tesla/.platformio/packages/framework-arduinoespressif8266/libraries/ESP8266WebServer/src,/home/tesla/.platformio/packages/framework-arduinoespressif8266/libraries/ESP8266WiFiMesh/src,/home/tesla/.platformio/packages/framework-arduinoespressif8266/libraries/ESP8266httpUpdate/src,/home/tesla/.platformio/packages/framework-arduinoespressif8266/libraries/ESP8266mDNS,/home/tesla/.platformio/packages/framework-arduinoespressif8266/libraries/Ethernet/src,/home/tesla/.platformio/packages/framework-arduinoespressif8266/libraries/GDBStub/src,/home/tesla/.platformio/packages/framework-arduinoespressif8266/libraries/Hash/src,/home/tesla/.platformio/packages/framework-arduinoespressif8266/libraries/SD/src,/home/tesla/.platformio/packages/framework-arduinoespressif8266/libraries/SPI,/home/tesla/.platformio/packages/framework-arduinoespressif8266/libraries/SPISlave/src,/home/tesla/.platformio/packages/framework-arduinoespressif8266/libraries/Servo/src,/home/tesla/.platformio/packages/framework-arduinoespressif8266/libraries/SoftwareSerial,/home/tesla/.platformio/packages/framework-arduinoespressif8266/libraries/TFT_Touch_Shield_V2,/home/tesla/.platformio/packages/framework-arduinoespressif8266/libraries/Wire,/home/tesla/.platformio/packages/framework-arduinoespressif8266/libraries/esp8266/src,/home/tesla/.platformio/packages/toolchain-xtensa/xtensa-lx106-elf/include,/home/tesla/.platformio/packages/toolchain-xtensa/xtensa-lx106-elf/include/c++/4.8.2,/home/tesla/.platformio/packages/toolchain-xtensa/xtensa-lx106-elf/include/c++/4.8.2/xtensa-lx106-elf,/home/tesla/.platformio/packages/toolchain-xtensa/lib/gcc/xtensa-lx106-elf/4.8.2/include,/home/tesla/.platformio/packages/toolchain-xtensa/lib/gcc/xtensa-lx106-elf/4.8.2/include-fixed,/home/tesla/.platformio/packages/tool-unity,/home/tesla/Documents/FFT_ESP12E/include,/home/tesla/Documents/FFT_ESP12E/src",
  "gccSuppressWarnings": false
}
